approach,accuracy,macro_f1,macro_sensitivity,macro_specificity,auc_ovr
Step 1 — Alignment LogReg,0.5481481481481482,0.529308083175875,0.5930501480815946,0.77992356766766,0.7916422241582803
"Step 4 — Fusion MIN(PCG, ECG)",0.4666666666666667,0.40858355327847645,0.5532261821569998,0.7614041110989165,0.6573151466279582
