class,support,precision,sensitivity_recall,specificity,f1
low_quality,28,0.32941176470588235,1.0,0.4672897196261682,0.49557522123893805
uncertain,53,0.7021276595744681,0.6226415094339622,0.8292682926829268,0.66
high_quality,54,0.6666666666666666,0.037037037037037035,0.9876543209876543,0.07017543859649122
