approach,accuracy,macro_f1,macro_sensitivity,macro_specificity,auc_ovr
Step 1 — Alignment LogReg,0.5481481481481482,0.529308083175875,0.5930501480815946,0.77992356766766,0.7916422241582803
"Step 4 — Fusion MIN(PCG, ECG)",0.34814814814814815,0.31631278280793657,0.46694677871148454,0.7104704632178911,0.5887086209646878
