class,support,precision,sensitivity_recall,specificity,f1
low_quality,28,0.4339622641509434,0.8214285714285714,0.719626168224299,0.5679012345679013
uncertain,53,0.6666666666666666,0.7169811320754716,0.7682926829268293,0.6909090909090909
high_quality,54,0.52,0.24074074074074073,0.8518518518518519,0.3291139240506329
