class,support,precision,sensitivity_recall,specificity,f1
low_quality,28,0.6111111111111112,0.7857142857142857,0.8691588785046729,0.6875000000000001
uncertain,53,0.6923076923076923,0.6792452830188679,0.8048780487804879,0.6857142857142857
high_quality,54,0.6382978723404256,0.5555555555555556,0.7901234567901234,0.594059405940594
