experiment,auc_ovr,accuracy,macro_sensitivity,macro_specificity,macro_f1,n_samples,n_features
step1_logreg_3class_test,0.7916422241582803,0.5481481481481482,0.5930501480815946,0.77992356766766,0.529308083175875,539,4
step1_logreg_3class_cv,0.7745897624260535,0.5435790931118033,0.5772239949691921,0.7788296824394637,0.5264254045568293,539,4
