experiment,n_samples,n_features,auc_ovr,accuracy,macro_sensitivity,macro_specificity,macro_f1
step2_logreg_pcg_unimodal_allSQI_3class_test,539,9,0.67621578000059,0.5185185185185185,0.552056277056277,0.7568136504845366,0.5253696830446565
step2_logreg_pcg_unimodal_allSQI_3class_cv,539,9,0.7003731315383861,0.5027864312911042,0.5316594516594516,0.7537136154062886,0.4992245951940846
