class,support,precision,sensitivity_recall,specificity,f1
low_quality,44,0.5,0.5454545454545454,0.7362637362637363,0.5217391304347826
uncertain,35,0.574468085106383,0.7714285714285715,0.8,0.6585365853658536
high_quality,56,0.475,0.3392857142857143,0.7341772151898734,0.39583333333333337
