approach,fusion_level,auc_ovr,accuracy,macro_sensitivity,macro_specificity,macro_f1,delta_auc_ovr_vs_step1,delta_accuracy_vs_step1,delta_macro_sensitivity_vs_step1,delta_macro_specificity_vs_step1,delta_macro_f1_vs_step1
Step 1 — Alignment metrics (LogReg),Physiological / temporal,0.7916422241582803,0.5481481481481482,0.5930501480815946,0.77992356766766,0.529308083175875,0.0,0.0,0.0,0.0,0.0
"Step 4 — Decision fusion MIN(ECG, PCG)",Decision-level,0.6573151466279582,0.4666666666666667,0.5532261821569998,0.7614041110989165,0.40858355327847645,-0.13432707753032214,-0.08148148148148149,-0.039823965924594806,-0.018519456568743542,-0.12072452989739851
Step 5 — Feature fusion (ECG SQIs + PCG SQIs),Feature-level,0.815527817337356,0.6518518518518519,0.6735050414295697,0.8213867946917613,0.6557578972182933,0.02388559317907568,0.10370370370370374,0.08045489334797506,0.04146322702410132,0.12644981404241828
