class,support,precision,sensitivity_recall,specificity,f1
low_quality,28,0.3373493975903614,1.0,0.48598130841121495,0.5045045045045045
uncertain,53,0.75,0.6792452830188679,0.8536585365853658,0.712871287128713
high_quality,54,1.0,0.07407407407407407,1.0,0.13793103448275862
