class,support,precision,sensitivity_recall,specificity,f1
low_quality,28,0.3728813559322034,0.7857142857142857,0.6542056074766355,0.5057471264367817
uncertain,53,0.6779661016949152,0.7547169811320755,0.7682926829268293,0.7142857142857143
high_quality,54,0.6470588235294118,0.2037037037037037,0.9259259259259259,0.30985915492957744
