model,n_test,accuracy,macro_sensitivity,macro_specificity,macro_f1
"FUSED_MIN(ECG_pred, PCG_pred)",135,0.5037037037037037,0.5844397856976472,0.7798799483321935,0.45176894203865864
STEP1_LogReg_alignment_metrics,135,0.5185185185185185,0.5505806795114971,0.762362329403841,0.5126783320958078
PCG_unimodal_pred,135,0.5407407407407407,0.5813783235166884,0.782808072109797,0.5099639985506911
ECG_unimodal_pred,135,0.4888888888888889,0.5539665901301122,0.7557504823923282,0.4820683190427613
