gt_str,step1_acc_in_class,fusion_acc_in_class,fusion_minus_step1
high_quality,0.7142857142857143,1.0,0.2857142857142857
low_quality,0.6226415094339622,0.6792452830188679,0.05660377358490565
uncertain,0.3148148148148148,0.07407407407407407,-0.24074074074074076
