class,support,precision,sensitivity_recall,specificity,f1
low_quality,28,0.40816326530612246,0.7142857142857143,0.7289719626168224,0.5194805194805194
uncertain,53,0.66,0.6226415094339622,0.7926829268292683,0.6407766990291262
high_quality,54,0.4722222222222222,0.3148148148148148,0.7654320987654321,0.3777777777777778
