class,support,precision,sensitivity_recall,specificity,f1
low_quality,28,0.390625,0.8928571428571429,0.6355140186915887,0.5434782608695653
uncertain,53,0.6666666666666666,0.5283018867924528,0.8292682926829268,0.5894736842105263
high_quality,54,0.4482758620689655,0.24074074074074073,0.8024691358024691,0.3132530120481928
