experiment,n_samples_common,auc_ovr_mean,auc_ovr_std,acc_mean,acc_std,rec_mean,rec_std,spec_mean,spec_std,f1_mean,f1_std
step4_min_fusion_commonset_cv,539,0.6146925239621647,0.020224544830143302,0.4193665628245068,0.03288280409813428,0.4000439174352217,0.03675273636790332,0.6905322827347451,0.014881902211987572,0.3031406287346272,0.039461776079978195
