experiment,n_test,auc_ovr,accuracy,macro_sensitivity,macro_specificity,macro_f1
step1_alignment_commonset_test,135,0.7554871407348372,0.5185185185185185,0.5505806795114971,0.762362329403841,0.5126783320958078
step4_min_fusion_commonset_test,135,0.6314658683064573,0.42962962962962964,0.40408805031446543,0.6926905250360914,0.3081068524970964
