class,support,precision,sensitivity_recall,specificity,f1
low_quality,28,0.5384615384615384,0.25,0.9439252336448598,0.3414634146341463
uncertain,53,0.4180327868852459,0.9622641509433962,0.13414634146341464,0.5828571428571427
high_quality,54,0.0,0.0,1.0,0.0
