experiment,n_samples,n_features,auc_ovr,accuracy,macro_sensitivity,macro_specificity,macro_f1
step3_logreg_ecg_unimodal_allSQI_3class_test,539,6,0.6067046964325868,0.4148148148148148,0.3936337258917904,0.7082054272938922,0.37011628472729047
step3_logreg_ecg_unimodal_allSQI_3class_cv,539,6,0.6418991173564912,0.46185531325718243,0.4394004941458357,0.7315759295487194,0.4193458402891027
