class,support,precision,sensitivity_recall,specificity,f1
low_quality,62,0.5967741935483871,0.5967741935483871,0.6575342465753424,0.5967741935483871
uncertain,28,0.24,0.42857142857142855,0.6448598130841121,0.30769230769230765
high_quality,45,0.30434782608695654,0.15555555555555556,0.8222222222222222,0.2058823529411765
