experiment,n_samples,n_features,auc_ovr,accuracy,macro_sensitivity,macro_specificity,macro_f1
step5_multimodal_features_logreg_test,539,15,0.815527817337356,0.6518518518518519,0.6735050414295697,0.8213867946917613,0.6557578972182933
step5_multimodal_features_logreg_cv,539,15,0.8052221488813895,0.6030633437175493,0.6323038269448785,0.800940594782934,0.5992791971538937
